{
  "lmin": {
    "mean": 0.0002769926749513766,
    "std": 0.00022168459262720814
  },
  "soft_lmin": {
    "mean": -0.29716863057446563,
    "std": 0.0032475970074555757
  },
  "spacing": {
    "mean": 0.6953933293615686,
    "std": 0.11162627950752836
  },
  "sparsity": {
    "mean": 0.01949475781275244,
    "std": 0.006985295900036204
  },
  "hv": {
    "mean": 0.5878291309421767,
    "std": 0.054138497596743954
  },
  "inner_product": {
    "mean": 0.2482487405941594,
    "std": 0.027908222160012902
  },
  "cross_angle": {
    "mean": 30.775051537413027,
    "std": 1.9143914680675527
  },
  "pbi": {
    "mean": 1.2920379300079985,
    "std": 0.22000402011159426
  },
  "span": {
    "mean": 0.07242306241622336,
    "std": 0.011832040814190299
  }
}