{
  "lmin": {
    "mean": 0.000469663811691442,
    "std": 0.00019175473507304598
  },
  "soft_lmin": {
    "mean": -0.2951336049014186,
    "std": 0.0028807122065829076
  },
  "spacing": {
    "mean": 0.6606219407170216,
    "std": 0.07357526611582321
  },
  "sparsity": {
    "mean": 0.020181002319207907,
    "std": 0.004368727048086988
  },
  "hv": {
    "mean": 0.6079292904329874,
    "std": 0.006968320101904814
  },
  "inner_product": {
    "mean": 0.23776263421685898,
    "std": 0.003077895651353602
  },
  "cross_angle": {
    "mean": 30.382022332185436,
    "std": 0.4236082021961615
  },
  "pbi": {
    "mean": 1.2184240280006766,
    "std": 0.008038689973061775
  },
  "span": {
    "mean": 0.0794233549804164,
    "std": 0.01386631531628957
  }
}