{
  "lmin": {
    "mean": 0.0013396102453824134,
    "std": 0.00042715090725822905
  },
  "soft_lmin": {
    "mean": -0.2362672485081038,
    "std": 0.004354013239179291
  },
  "spacing": {
    "mean": 3.809937277394732,
    "std": 0.6071757484435997
  },
  "sparsity": {
    "mean": 0.2580052514421248,
    "std": 0.0690405328104206
  },
  "hv": {
    "mean": 0.7753869046230014,
    "std": 0.004412034294666204
  },
  "inner_product": {
    "mean": 0.1829865800291709,
    "std": 0.0037223539068609608
  },
  "cross_angle": {
    "mean": 37.887041152447615,
    "std": 0.30081327996554336
  },
  "pbi": {
    "mean": 1.4017627756898008,
    "std": 0.06308630665117138
  },
  "span": {
    "mean": 0.1886973997950554,
    "std": 0.007066142764422072
  }
}