{
  "lmin": {
    "mean": 8.300216618468871e-05,
    "std": 2.6182129852192314e-05
  },
  "soft_lmin": {
    "mean": -0.314733500640837,
    "std": 0.0012285630207510276
  },
  "spacing": {
    "mean": 0.18909565180074916,
    "std": 0.0727785262537794
  },
  "sparsity": {
    "mean": 0.0016245807897494532,
    "std": 0.000949833160080749
  },
  "hv": {
    "mean": 0.4758239017010224,
    "std": 0.005218501095607636
  },
  "inner_product": {
    "mean": 0.27195235176702715,
    "std": 0.003071850490911467
  },
  "cross_angle": {
    "mean": 42.016702168565885,
    "std": 0.22930546108143496
  },
  "pbi": {
    "mean": 1.946597446182934,
    "std": 0.012737931748523088
  },
  "span": {
    "mean": 0.006658599044506749,
    "std": 0.0015757499979845387
  }
}