{
  "lmin": {
    "mean": 0.00010188764154009612,
    "std": 0.00011083432156014786
  },
  "soft_lmin": {
    "mean": -0.3161055195414042,
    "std": 0.0029368356493995364
  },
  "spacing": {
    "mean": 0.058976547783680056,
    "std": 0.055727188285148645
  },
  "sparsity": {
    "mean": 0.0001230891361537604,
    "std": 0.00012874218221093164
  },
  "hv": {
    "mean": 0.5308635057168021,
    "std": 0.008995109217370586
  },
  "inner_product": {
    "mean": 0.24240042210443496,
    "std": 0.0051727161623894916
  },
  "cross_angle": {
    "mean": 41.632886293191135,
    "std": 0.5088277669012954
  },
  "pbi": {
    "mean": 1.7195904690324961,
    "std": 0.05377550348048055
  },
  "span": {
    "mean": 0.004300913369903962,
    "std": 0.002300933950337275
  }
}