{
  "lmin": {
    "mean": 0.001037898897197778,
    "std": 0.0006874597299602308
  },
  "soft_lmin": {
    "mean": -0.22615018423206892,
    "std": 0.008943095980432495
  },
  "spacing": {
    "mean": 1.3450991149733784,
    "std": 0.21569104652766677
  },
  "sparsity": {
    "mean": 0.08772993369198946,
    "std": 0.02639576795980918
  },
  "hv": {
    "mean": 0.16329335007494591,
    "std": 0.016948929084190534
  },
  "inner_product": {
    "mean": 0.6424366057016513,
    "std": 0.022459280475089802
  },
  "cross_angle": {
    "mean": 28.98611040889844,
    "std": 1.297162246231845
  },
  "pbi": {
    "mean": 3.244369590165796,
    "std": 0.23060854055730795
  },
  "span": {
    "mean": 0.2608391406250001,
    "std": 0.04879115102501365
  }
}