{
  "lmin": {
    "mean": 0.0006377678325006184,
    "std": 0.0004334313836765886
  },
  "soft_lmin": {
    "mean": -0.26373251856538965,
    "std": 0.008370860608172293
  },
  "spacing": {
    "mean": 0.74133447103801,
    "std": 0.18620361297854718
  },
  "sparsity": {
    "mean": 0.029029441979174814,
    "std": 0.013373802524173658
  },
  "hv": {
    "mean": 0.26618989732089615,
    "std": 0.00763052432339758
  },
  "inner_product": {
    "mean": 0.5112558718285258,
    "std": 0.01238387189161094
  },
  "cross_angle": {
    "mean": 25.437396753711774,
    "std": 0.9388079454591214
  },
  "pbi": {
    "mean": 2.2731076188296635,
    "std": 0.12499362184106047
  },
  "span": {
    "mean": 0.105886376953125,
    "std": 0.022242368505617026
  }
}