{
  "lmin": {
    "mean": 0.008038949125153625,
    "std": 0.007864398490832893
  },
  "soft_lmin": {
    "mean": -0.19553285094500103,
    "std": 0.01535334224045232
  },
  "spacing": {
    "mean": 1.1719875305672232,
    "std": 0.15548503423351
  },
  "sparsity": {
    "mean": 0.14975437186578056,
    "std": 0.06187856800494113
  },
  "hv": {
    "mean": 0.3443066094501305,
    "std": 0.014826563800115943
  },
  "inner_product": {
    "mean": 0.4763260378254882,
    "std": 0.01780432831890698
  },
  "cross_angle": {
    "mean": 34.211403901957816,
    "std": 1.6562323338583216
  },
  "pbi": {
    "mean": 2.8677737073617906,
    "std": 0.27556711987737453
  },
  "span": {
    "mean": 0.391078046875,
    "std": 0.09673089875663558
  }
}