{
  "lmin": {
    "mean": 0.0009661716533168661,
    "std": 0.000747937855618494
  },
  "soft_lmin": {
    "mean": -0.25126291519139443,
    "std": 0.002826001367169425
  },
  "spacing": {
    "mean": 0.7472675249963655,
    "std": 0.09292093180516448
  },
  "sparsity": {
    "mean": 0.03239879543332899,
    "std": 0.005866864613953525
  },
  "hv": {
    "mean": 0.4986609721367836,
    "std": 0.011191681130962224
  },
  "inner_product": {
    "mean": 0.3321198717958162,
    "std": 0.008857095055151195
  },
  "cross_angle": {
    "mean": 30.0919734303812,
    "std": 0.6104297364676436
  },
  "pbi": {
    "mean": 1.6876261265889767,
    "std": 0.05898541159168095
  },
  "span": {
    "mean": 0.1475879248046875,
    "std": 0.022456037235841993
  }
}