{
  "lmin": {
    "mean": 0.0005470845529677263,
    "std": 0.0002901018740717398
  },
  "soft_lmin": {
    "mean": -0.2807443197082734,
    "std": 0.003205281086731611
  },
  "spacing": {
    "mean": 0.31649077840412676,
    "std": 0.04059880365372084
  },
  "sparsity": {
    "mean": 0.006643307722675892,
    "std": 0.0010691917268224058
  },
  "hv": {
    "mean": 0.5340634036866944,
    "std": 0.00931065666681148
  },
  "inner_product": {
    "mean": 0.2839347979213085,
    "std": 0.005355053003981473
  },
  "cross_angle": {
    "mean": 25.001961114992948,
    "std": 0.5132770663513017
  },
  "pbi": {
    "mean": 1.2474092242205042,
    "std": 0.014936019998700301
  },
  "span": {
    "mean": 0.061939013671875,
    "std": 0.00553560748170405
  }
}