{
  "lmin": {
    "mean": 0.001482126855929049,
    "std": 0.0010197574345025152
  },
  "soft_lmin": {
    "mean": -0.24092938523179352,
    "std": 0.007155728983498582
  },
  "spacing": {
    "mean": 0.7956209665638446,
    "std": 0.13494557999606252
  },
  "sparsity": {
    "mean": 0.04081015691644197,
    "std": 0.013262725602933954
  },
  "hv": {
    "mean": 0.43432524067376344,
    "std": 0.00639094035177862
  },
  "inner_product": {
    "mean": 0.3780342173655881,
    "std": 0.008399543668464305
  },
  "cross_angle": {
    "mean": 29.220287460077536,
    "std": 1.0488334803816521
  },
  "pbi": {
    "mean": 1.9384474416410327,
    "std": 0.10315217940849489
  },
  "span": {
    "mean": 0.17869110351562498,
    "std": 0.04669536482772333
  }
}