{
  "lmin": {
    "mean": 0.0011441620825329401,
    "std": 0.0001803303207557749
  },
  "soft_lmin": {
    "mean": -0.21451580947951368,
    "std": 0.0018097058971253141
  },
  "spacing": {
    "mean": 0.2421979399611683,
    "std": 0.046680126484618924
  },
  "sparsity": {
    "mean": 0.00030784006016452574,
    "std": 0.0003214142306248771
  },
  "hv": {
    "mean": 0.4915399768954487,
    "std": 0.00579218794393227
  },
  "inner_product": {
    "mean": 0.304713177250104,
    "std": 0.003441503166995262
  },
  "cross_angle": {
    "mean": 9.690886015011383,
    "std": 0.10643504382841308
  },
  "pbi": {
    "mean": 0.7871858402694388,
    "std": 0.0048563888292494
  },
  "span": {
    "mean": 0.016909155273437504,
    "std": 0.0033436592698488565
  }
}