{
  "lmin": {
    "mean": 0.007090337879243641,
    "std": 0.0023487904967543316
  },
  "soft_lmin": {
    "mean": -0.18578587347137182,
    "std": 0.009389026499111181
  },
  "spacing": {
    "mean": 0.3113976840558985,
    "std": 0.14035088659683684
  },
  "sparsity": {
    "mean": 0.018828237295176117,
    "std": 0.010166944826476692
  },
  "hv": {
    "mean": 0.4209139416384488,
    "std": 0.021047172439428448
  },
  "inner_product": {
    "mean": 0.3754701325706086,
    "std": 0.02184607642415571
  },
  "cross_angle": {
    "mean": 12.126091776214915,
    "std": 0.6901196866505964
  },
  "pbi": {
    "mean": 1.088794512217777,
    "std": 0.09163651665619746
  },
  "span": {
    "mean": 0.06631285644531251,
    "std": 0.025129995035597447
  }
}