{
  "HV": {
    "mean": 0.5878291309421767,
    "std": 0.054138497596743954
  },
  "Uniformity": {
    "mean": 0.8266742708140258,
    "std": 0.0330375311803531
  },
  "Runtime_min": {
    "mean": 14.076923772493998,
    "std": 0.6433202160042509
  }
}