{
  "HV": {
    "mean": 0.6079292904329874,
    "std": 0.006968320101904814
  },
  "Uniformity": {
    "mean": 0.835629713830541,
    "std": 0.00711088618082762
  },
  "Runtime_min": {
    "mean": 2.4898224329948424,
    "std": 0.0496732687027032
  }
}