{
  "HV": {
    "mean": 0.7753869046230014,
    "std": 0.004412034294666204
  },
  "Uniformity": {
    "mean": 0.9746106885722712,
    "std": 0.005894854091888387
  },
  "Runtime_min": {
    "mean": 0.7285986971855164,
    "std": 0.017695978044367105
  }
}