{
  "HV": {
    "mean": 0.7776921035782991,
    "std": 0.008654565446915601
  },
  "Uniformity": {
    "mean": 0.9670428483734478,
    "std": 0.014392046086187925
  },
  "Runtime_min": {
    "mean": 1.8402798946698506,
    "std": 0.005669247121384983
  }
}