{
  "HV": {
    "mean": 0.5308635057168021,
    "std": 0.008995109217370586
  },
  "Uniformity": {
    "mean": 0.5583342491488286,
    "std": 0.022329019516600976
  },
  "Runtime_min": {
    "mean": 8.812246066729227,
    "std": 0.01944543584466575
  }
}