{
  "HV": {
    "mean": 0.4758239017010224,
    "std": 0.005218501095607636
  },
  "Uniformity": {
    "mean": 0.5425528330057136,
    "std": 0.010685083596359909
  },
  "Runtime_min": {
    "mean": 1.7587900718053184,
    "std": 0.03200383430226807
  }
}