{
  "HV": {
    "mean": 0.9214439064683404,
    "std": 0.034582152111050486
  },
  "Uniformity": {
    "mean": 0.9116848960132915,
    "std": 0.04762124709650202
  },
  "Runtime_min": {
    "mean": 5.959326384862264,
    "std": 0.0965747649978903
  }
}