{
  "HV": {
    "mean": 0.7409798101701864,
    "std": 0.4148891656713426
  },
  "Uniformity": {
    "mean": 0.8694995849020162,
    "std": 0.04866915328913397
  },
  "Runtime_min": {
    "mean": 31.874600097338362,
    "std": 0.43548942154705694
  }
}