{
  "HV": {
    "mean": 0.26618989732089615,
    "std": 0.00763052432339758
  },
  "Uniformity": {
    "mean": 0.9120667078748624,
    "std": 0.0053144222890001555
  },
  "Runtime_min": {
    "mean": 60.01662155151367,
    "std": 2.0534599078273983
  }
}