{
  "HV": {
    "mean": 0.16329335007494591,
    "std": 0.016948929084190534
  },
  "Uniformity": {
    "mean": 0.9330484547364696,
    "std": 0.007120390362408584
  },
  "Runtime_min": {
    "mean": 13.658760187625887,
    "std": 0.9214975854275499
  }
}