{
  "HV": {
    "mean": 0.3443066094501305,
    "std": 0.014826563800115943
  },
  "Uniformity": {
    "mean": 0.9604747322685991,
    "std": 0.010201070948909376
  },
  "Runtime_min": {
    "mean": 13.021909507115684,
    "std": 0.19796991972846603
  }
}