{
  "HV": {
    "mean": 0.4986609721367836,
    "std": 0.011191681130962224
  },
  "Uniformity": {
    "mean": 0.9259273449200001,
    "std": 0.003409930041172054
  },
  "Runtime_min": {
    "mean": 59.44795878171921,
    "std": 1.4435927086183695
  }
}