{
  "HV": {
    "mean": 0.5340634036866944,
    "std": 0.00931065666681148
  },
  "Uniformity": {
    "mean": 0.9093982268352097,
    "std": 0.003263935941986795
  },
  "Runtime_min": {
    "mean": 59.75515539725622,
    "std": 1.080850658634161
  }
}