{
  "HV": {
    "mean": 0.43432524067376344,
    "std": 0.00639094035177862
  },
  "Uniformity": {
    "mean": 0.9346411729213072,
    "std": 0.006446316900729688
  },
  "Runtime_min": {
    "mean": 13.69450649579366,
    "std": 0.7036888747120882
  }
}